cargoPK,cargoNome,cargoJornadaTrabalho,cargoNivel
1,PROGRAMADOR DE SISTEMAS DE INFORMACAO,20H,JUNIOR
3,PROGRAMADOR DE SISTEMAS DE INFORMACAO,20H,SENIOR
4,PROGRAMADOR DE SISTEMAS DE INFORMACAO,40H,JUNIOR
5,PROGRAMADOR DE SISTEMAS DE INFORMACAO,40H,PLENO
6,PROGRAMADOR DE SISTEMAS DE INFORMACAO,40H,SENIOR
7,PROGRAMADOR DE SISTEMAS DE INFORMACAO,44H,JUNIOR
8,PROGRAMADOR DE SISTEMAS DE INFORMACAO,44H,PLENO
9,PROGRAMADOR DE SISTEMAS DE INFORMACAO,44H,SENIOR
10,PROGRAMADOR DE SISTEMAS DE INFORMACAO,20H,JUNIOR
11,PROGRAMADOR DE SISTEMAS DE INFORMACAO,20H,PLENO
13,PROGRAMADOR DE SISTEMAS DE INFORMACAO,40H,JUNIOR
14,PROGRAMADOR DE SISTEMAS DE INFORMACAO,40H,PLENO
15,PROGRAMADOR DE SISTEMAS DE INFORMACAO,40H,SENIOR
17,PROGRAMADOR DE SISTEMAS DE INFORMACAO,44H,PLENO
18,PROGRAMADOR DE SISTEMAS DE INFORMACAO,44H,SENIOR
19,PROGRAMADOR DE SISTEMAS DE INFORMACAO,20H,JUNIOR
20,PROGRAMADOR DE SISTEMAS DE INFORMACAO,20H,PLENO
21,PROGRAMADOR DE SISTEMAS DE INFORMACAO,20H,SENIOR
22,PROGRAMADOR DE SISTEMAS DE INFORMACAO,40H,JUNIOR
23,PROGRAMADOR DE SISTEMAS DE INFORMACAO,40H,PLENO
24,PROGRAMADOR DE SISTEMAS DE INFORMACAO,40H,SENIOR
25,PROGRAMADOR DE SISTEMAS DE INFORMACAO,44H,JUNIOR
26,PROGRAMADOR DE SISTEMAS DE INFORMACAO,44H,PLENO
28,ANALISTA DE SUPORTE TECNICO,20H,JUNIOR
29,ANALISTA DE SUPORTE TECNICO,20H,PLENO
30,ANALISTA DE SUPORTE TECNICO,20H,SENIOR
31,ANALISTA DE SUPORTE TECNICO,40H,JUNIOR
32,ANALISTA DE SUPORTE TECNICO,40H,PLENO
33,ANALISTA DE SUPORTE TECNICO,40H,SENIOR
34,ANALISTA DE SUPORTE TECNICO,44H,JUNIOR
35,ANALISTA DE SUPORTE TECNICO,44H,PLENO
37,ANALISTA DE SUPORTE TECNICO,20H,JUNIOR
38,ANALISTA DE SUPORTE TECNICO,20H,PLENO
39,ANALISTA DE SUPORTE TECNICO,20H,SENIOR
40,ANALISTA DE SUPORTE TECNICO,40H,JUNIOR
41,ANALISTA DE SUPORTE TECNICO,40H,PLENO
42,ANALISTA DE SUPORTE TECNICO,40H,SENIOR
44,ANALISTA DE SUPORTE TECNICO,44H,PLENO
45,ANALISTA DE SUPORTE TECNICO,44H,SENIOR
46,ANALISTA DE SUPORTE TECNICO,20H,JUNIOR
47,ANALISTA DE SUPORTE TECNICO,20H,PLENO
48,ANALISTA DE SUPORTE TECNICO,20H,SENIOR
49,ANALISTA DE SUPORTE TECNICO,40H,JUNIOR
50,ANALISTA DE SUPORTE TECNICO,40H,PLENO
51,ANALISTA DE SUPORTE TECNICO,40H,SENIOR
52,ANALISTA DE SUPORTE TECNICO,44H,JUNIOR
54,ANALISTA DE SUPORTE TECNICO,44H,SENIOR
55,ANALISTA DE SUPORTE TECNICO,20H,JUNIOR
56,ANALISTA DE SUPORTE TECNICO,20H,PLENO
57,ANALISTA DE SUPORTE TECNICO,20H,SENIOR
58,ANALISTA DE SUPORTE TECNICO,40H,JUNIOR
59,ANALISTA DE SUPORTE TECNICO,40H,PLENO
60,ANALISTA DE SUPORTE TECNICO,40H,SENIOR
61,ANALISTA DE SUPORTE TECNICO,44H,JUNIOR
65,ANALISTA DE SUPORTE TECNICO,20H,PLENO
66,ANALISTA DE SUPORTE TECNICO,20H,SENIOR
67,ANALISTA DE SUPORTE TECNICO,40H,JUNIOR
68,ANALISTA DE SUPORTE TECNICO,40H,PLENO
69,ANALISTA DE SUPORTE TECNICO,40H,SENIOR
70,ANALISTA DE SUPORTE TECNICO,44H,JUNIOR
71,ANALISTA DE SUPORTE TECNICO,44H,PLENO
72,ANALISTA DE SUPORTE TECNICO,44H,SENIOR
73,ANALISTA DE SUPORTE TECNICO,20H,JUNIOR
74,ANALISTA DE SUPORTE TECNICO,20H,PLENO
75,ANALISTA DE SUPORTE TECNICO,20H,SENIOR
76,ANALISTA DE SUPORTE TECNICO,40H,JUNIOR
77,ANALISTA DE SUPORTE TECNICO,40H,PLENO
78,ANALISTA DE SUPORTE TECNICO,40H,SENIOR
79,ANALISTA DE SUPORTE TECNICO,44H,JUNIOR
80,ANALISTA DE SUPORTE TECNICO,44H,PLENO
81,ANALISTA DE SUPORTE TECNICO,44H,SENIOR
82,ANALISTA DE SUPORTE DE BANCO DE DADOS,20H,JUNIOR
83,ANALISTA DE SUPORTE DE BANCO DE DADOS,20H,PLENO
84,ANALISTA DE SUPORTE DE BANCO DE DADOS,20H,SENIOR
85,ANALISTA DE SUPORTE DE BANCO DE DADOS,40H,JUNIOR
86,ANALISTA DE SUPORTE DE BANCO DE DADOS,40H,PLENO
87,ANALISTA DE SUPORTE DE BANCO DE DADOS,40H,SENIOR
88,ANALISTA DE SUPORTE DE BANCO DE DADOS,44H,JUNIOR
89,ANALISTA DE SUPORTE DE BANCO DE DADOS,44H,PLENO
90,ANALISTA DE SUPORTE DE BANCO DE DADOS,44H,SENIOR
91,ANALISTA DE SUPORTE DE BANCO DE DADOS,20H,JUNIOR
92,ANALISTA DE SUPORTE DE BANCO DE DADOS,20H,PLENO
93,ANALISTA DE SUPORTE DE BANCO DE DADOS,20H,SENIOR
94,ANALISTA DE SUPORTE DE BANCO DE DADOS,40H,JUNIOR
95,ANALISTA DE SUPORTE DE BANCO DE DADOS,40H,PLENO
96,ANALISTA DE SUPORTE DE BANCO DE DADOS,40H,SENIOR
97,ANALISTA DE SUPORTE DE BANCO DE DADOS,44H,JUNIOR
98,ANALISTA DE SUPORTE DE BANCO DE DADOS,44H,PLENO
99,ANALISTA DE SUPORTE DE BANCO DE DADOS,44H,SENIOR
100,ANALISTA DE SUPORTE DE BANCO DE DADOS,20H,JUNIOR
101,ANALISTA DE SUPORTE DE BANCO DE DADOS,20H,PLENO
102,ANALISTA DE SUPORTE DE BANCO DE DADOS,20H,SENIOR
103,ANALISTA DE SUPORTE DE BANCO DE DADOS,40H,JUNIOR
104,ANALISTA DE SUPORTE DE BANCO DE DADOS,40H,PLENO
105,ANALISTA DE SUPORTE DE BANCO DE DADOS,40H,SENIOR
106,ANALISTA DE SUPORTE DE BANCO DE DADOS,44H,JUNIOR
107,ANALISTA DE SUPORTE DE BANCO DE DADOS,44H,PLENO
108,ANALISTA DE SUPORTE DE BANCO DE DADOS,44H,SENIOR
109,ADMINISTRADOR DE SISTEMAS OPERACIONAIS DE REDE,20H,JUNIOR
110,ADMINISTRADOR DE SISTEMAS OPERACIONAIS DE REDE,20H,PLENO
111,ADMINISTRADOR DE SISTEMAS OPERACIONAIS DE REDE,20H,SENIOR
112,ADMINISTRADOR DE SISTEMAS OPERACIONAIS DE REDE,40H,JUNIOR
113,ADMINISTRADOR DE SISTEMAS OPERACIONAIS DE REDE,40H,PLENO
114,ADMINISTRADOR DE SISTEMAS OPERACIONAIS DE REDE,40H,SENIOR
115,ADMINISTRADOR DE SISTEMAS OPERACIONAIS DE REDE,44H,JUNIOR
116,ADMINISTRADOR DE SISTEMAS OPERACIONAIS DE REDE,44H,PLENO
117,ADMINISTRADOR DE SISTEMAS OPERACIONAIS DE REDE,44H,SENIOR
118,ADMINISTRADOR DE SISTEMAS OPERACIONAIS DE REDE,20H,JUNIOR
119,ADMINISTRADOR DE SISTEMAS OPERACIONAIS DE REDE,20H,PLENO
120,ADMINISTRADOR DE SISTEMAS OPERACIONAIS DE REDE,20H,SENIOR
121,ADMINISTRADOR DE SISTEMAS OPERACIONAIS DE REDE,40H,JUNIOR
122,ADMINISTRADOR DE SISTEMAS OPERACIONAIS DE REDE,40H,PLENO
123,ADMINISTRADOR DE SISTEMAS OPERACIONAIS DE REDE,40H,SENIOR
124,ADMINISTRADOR DE SISTEMAS OPERACIONAIS DE REDE,44H,JUNIOR
125,ADMINISTRADOR DE SISTEMAS OPERACIONAIS DE REDE,44H,PLENO
126,ADMINISTRADOR DE SISTEMAS OPERACIONAIS DE REDE,44H,SENIOR
127,ADMINISTRADOR DE SISTEMAS OPERACIONAIS DE REDE,20H,JUNIOR
128,ADMINISTRADOR DE SISTEMAS OPERACIONAIS DE REDE,20H,PLENO
129,ADMINISTRADOR DE SISTEMAS OPERACIONAIS DE REDE,20H,SENIOR
130,ADMINISTRADOR DE SISTEMAS OPERACIONAIS DE REDE,40H,JUNIOR
131,ADMINISTRADOR DE SISTEMAS OPERACIONAIS DE REDE,40H,PLENO
132,ADMINISTRADOR DE SISTEMAS OPERACIONAIS DE REDE,40H,SENIOR
133,ADMINISTRADOR DE SISTEMAS OPERACIONAIS DE REDE,44H,JUNIOR
134,ADMINISTRADOR DE SISTEMAS OPERACIONAIS DE REDE,44H,PLENO
135,ADMINISTRADOR DE SISTEMAS OPERACIONAIS DE REDE,44H,SENIOR
136,PROGRAMADOR FRONT-END,20H,JUNIOR
137,PROGRAMADOR FRONT-END,20H,PLENO
138,PROGRAMADOR FRONT-END,20H,SENIOR
139,PROGRAMADOR FRONT-END,40H,JUNIOR
140,PROGRAMADOR FRONT-END,40H,PLENO
141,PROGRAMADOR FRONT-END,40H,SENIOR
142,PROGRAMADOR FRONT-END,44H,JUNIOR
143,PROGRAMADOR FRONT-END,44H,PLENO
144,PROGRAMADOR FRONT-END,44H,SENIOR
145,PROGRAMADOR FRONT-END,20H,JUNIOR
146,PROGRAMADOR FRONT-END,20H,PLENO
147,PROGRAMADOR FRONT-END,20H,SENIOR
148,PROGRAMADOR FRONT-END,40H,JUNIOR
149,PROGRAMADOR FRONT-END,40H,PLENO
150,PROGRAMADOR FRONT-END,40H,SENIOR
151,PROGRAMADOR FRONT-END,44H,JUNIOR
152,PROGRAMADOR FRONT-END,44H,PLENO
153,PROGRAMADOR FRONT-END,44H,SENIOR
154,PROGRAMADOR FRONT-END,20H,JUNIOR
155,PROGRAMADOR FRONT-END,20H,PLENO
156,PROGRAMADOR FRONT-END,20H,SENIOR
157,PROGRAMADOR FRONT-END,40H,JUNIOR
158,PROGRAMADOR FRONT-END,40H,PLENO
159,PROGRAMADOR FRONT-END,40H,SENIOR
160,PROGRAMADOR FRONT-END,44H,JUNIOR
161,PROGRAMADOR FRONT-END,44H,PLENO
162,PROGRAMADOR FRONT-END,44H,SENIOR
163,PROGRAMADOR DE SISTEMAS DE COMPUTADOR,20H,JUNIOR
164,PROGRAMADOR DE SISTEMAS DE COMPUTADOR,20H,PLENO
165,PROGRAMADOR DE SISTEMAS DE COMPUTADOR,20H,SENIOR
166,PROGRAMADOR DE SISTEMAS DE COMPUTADOR,40H,JUNIOR
167,PROGRAMADOR DE SISTEMAS DE COMPUTADOR,40H,PLENO
168,PROGRAMADOR DE SISTEMAS DE COMPUTADOR,40H,SENIOR
169,PROGRAMADOR DE SISTEMAS DE COMPUTADOR,44H,JUNIOR
170,PROGRAMADOR DE SISTEMAS DE COMPUTADOR,44H,PLENO
171,PROGRAMADOR DE SISTEMAS DE COMPUTADOR,44H,SENIOR
172,PROGRAMADOR DE SISTEMAS DE COMPUTADOR,20H,JUNIOR
173,PROGRAMADOR DE SISTEMAS DE COMPUTADOR,20H,PLENO
174,PROGRAMADOR DE SISTEMAS DE COMPUTADOR,20H,SENIOR
175,PROGRAMADOR DE SISTEMAS DE COMPUTADOR,40H,JUNIOR
176,PROGRAMADOR DE SISTEMAS DE COMPUTADOR,40H,PLENO
177,PROGRAMADOR DE SISTEMAS DE COMPUTADOR,40H,SENIOR
178,PROGRAMADOR DE SISTEMAS DE COMPUTADOR,44H,JUNIOR
179,PROGRAMADOR DE SISTEMAS DE COMPUTADOR,44H,PLENO
180,PROGRAMADOR DE SISTEMAS DE COMPUTADOR,44H,SENIOR
181,PROGRAMADOR DE SISTEMAS DE COMPUTADOR,20H,JUNIOR
182,PROGRAMADOR DE SISTEMAS DE COMPUTADOR,20H,PLENO
183,PROGRAMADOR DE SISTEMAS DE COMPUTADOR,20H,SENIOR
184,PROGRAMADOR DE SISTEMAS DE COMPUTADOR,40H,JUNIOR
185,PROGRAMADOR DE SISTEMAS DE COMPUTADOR,40H,PLENO
186,PROGRAMADOR DE SISTEMAS DE COMPUTADOR,40H,SENIOR
187,PROGRAMADOR DE SISTEMAS DE COMPUTADOR,44H,JUNIOR
188,PROGRAMADOR DE SISTEMAS DE COMPUTADOR,44H,PLENO
189,PROGRAMADOR DE SISTEMAS DE COMPUTADOR,44H,SENIOR
190,PROGRAMADOR DE APLICATIVOS EDUCACIONAIS E DE ENTRETENIMENTO,20H,JUNIOR
191,PROGRAMADOR DE APLICATIVOS EDUCACIONAIS E DE ENTRETENIMENTO,20H,PLENO
192,PROGRAMADOR DE APLICATIVOS EDUCACIONAIS E DE ENTRETENIMENTO,20H,SENIOR
193,PROGRAMADOR DE APLICATIVOS EDUCACIONAIS E DE ENTRETENIMENTO,40H,JUNIOR
194,PROGRAMADOR DE APLICATIVOS EDUCACIONAIS E DE ENTRETENIMENTO,40H,PLENO
195,PROGRAMADOR DE APLICATIVOS EDUCACIONAIS E DE ENTRETENIMENTO,40H,SENIOR
196,PROGRAMADOR DE APLICATIVOS EDUCACIONAIS E DE ENTRETENIMENTO,44H,JUNIOR
197,PROGRAMADOR DE APLICATIVOS EDUCACIONAIS E DE ENTRETENIMENTO,44H,PLENO
198,PROGRAMADOR DE APLICATIVOS EDUCACIONAIS E DE ENTRETENIMENTO,44H,SENIOR
199,PROGRAMADOR DE APLICATIVOS EDUCACIONAIS E DE ENTRETENIMENTO,20H,JUNIOR
200,PROGRAMADOR DE APLICATIVOS EDUCACIONAIS E DE ENTRETENIMENTO,20H,PLENO
201,PROGRAMADOR DE APLICATIVOS EDUCACIONAIS E DE ENTRETENIMENTO,20H,SENIOR
202,PROGRAMADOR DE APLICATIVOS EDUCACIONAIS E DE ENTRETENIMENTO,40H,JUNIOR
203,PROGRAMADOR DE APLICATIVOS EDUCACIONAIS E DE ENTRETENIMENTO,40H,PLENO
204,PROGRAMADOR DE APLICATIVOS EDUCACIONAIS E DE ENTRETENIMENTO,40H,SENIOR
205,PROGRAMADOR DE APLICATIVOS EDUCACIONAIS E DE ENTRETENIMENTO,44H,JUNIOR
206,PROGRAMADOR DE APLICATIVOS EDUCACIONAIS E DE ENTRETENIMENTO,44H,PLENO
207,PROGRAMADOR DE APLICATIVOS EDUCACIONAIS E DE ENTRETENIMENTO,44H,SENIOR
208,PROGRAMADOR DE APLICATIVOS EDUCACIONAIS E DE ENTRETENIMENTO,20H,JUNIOR
209,PROGRAMADOR DE APLICATIVOS EDUCACIONAIS E DE ENTRETENIMENTO,20H,PLENO
210,PROGRAMADOR DE APLICATIVOS EDUCACIONAIS E DE ENTRETENIMENTO,20H,SENIOR
211,PROGRAMADOR DE APLICATIVOS EDUCACIONAIS E DE ENTRETENIMENTO,40H,JUNIOR
212,PROGRAMADOR DE APLICATIVOS EDUCACIONAIS E DE ENTRETENIMENTO,40H,PLENO
213,PROGRAMADOR DE APLICATIVOS EDUCACIONAIS E DE ENTRETENIMENTO,40H,SENIOR
214,PROGRAMADOR DE APLICATIVOS EDUCACIONAIS E DE ENTRETENIMENTO,44H,JUNIOR
215,PROGRAMADOR DE APLICATIVOS EDUCACIONAIS E DE ENTRETENIMENTO,44H,PLENO
216,PROGRAMADOR DE APLICATIVOS EDUCACIONAIS E DE ENTRETENIMENTO,44H,SENIOR
217,ADMINISTRADOR DE SISTEMAS COMPUTACIONAIS,20H,JUNIOR
218,ADMINISTRADOR DE SISTEMAS COMPUTACIONAIS,20H,PLENO
219,ADMINISTRADOR DE SISTEMAS COMPUTACIONAIS,20H,SENIOR
220,ADMINISTRADOR DE SISTEMAS COMPUTACIONAIS,40H,JUNIOR
221,ADMINISTRADOR DE SISTEMAS COMPUTACIONAIS,40H,PLENO
222,ADMINISTRADOR DE SISTEMAS COMPUTACIONAIS,40H,SENIOR
223,ADMINISTRADOR DE SISTEMAS COMPUTACIONAIS,44H,JUNIOR
224,ADMINISTRADOR DE SISTEMAS COMPUTACIONAIS,44H,PLENO
225,ADMINISTRADOR DE SISTEMAS COMPUTACIONAIS,44H,SENIOR
226,ADMINISTRADOR DE SISTEMAS COMPUTACIONAIS,20H,JUNIOR
227,ADMINISTRADOR DE SISTEMAS COMPUTACIONAIS,20H,PLENO
228,ADMINISTRADOR DE SISTEMAS COMPUTACIONAIS,20H,SENIOR
229,ADMINISTRADOR DE SISTEMAS COMPUTACIONAIS,40H,JUNIOR
230,ADMINISTRADOR DE SISTEMAS COMPUTACIONAIS,40H,PLENO
231,ADMINISTRADOR DE SISTEMAS COMPUTACIONAIS,40H,SENIOR
232,ADMINISTRADOR DE SISTEMAS COMPUTACIONAIS,44H,JUNIOR
233,ADMINISTRADOR DE SISTEMAS COMPUTACIONAIS,44H,PLENO
234,ADMINISTRADOR DE SISTEMAS COMPUTACIONAIS,44H,SENIOR
235,ADMINISTRADOR DE SISTEMAS COMPUTACIONAIS,20H,JUNIOR
236,ADMINISTRADOR DE SISTEMAS COMPUTACIONAIS,20H,PLENO
237,ADMINISTRADOR DE SISTEMAS COMPUTACIONAIS,20H,SENIOR
238,ADMINISTRADOR DE SISTEMAS COMPUTACIONAIS,40H,JUNIOR
239,ADMINISTRADOR DE SISTEMAS COMPUTACIONAIS,40H,PLENO
240,ADMINISTRADOR DE SISTEMAS COMPUTACIONAIS,40H,SENIOR
241,ADMINISTRADOR DE SISTEMAS COMPUTACIONAIS,44H,JUNIOR
242,ADMINISTRADOR DE SISTEMAS COMPUTACIONAIS,44H,PLENO
243,ADMINISTRADOR DE SISTEMAS COMPUTACIONAIS,44H,SENIOR
244,ADMINISTRADOR EM SEGURANCA DA INFORMACAO,20H,JUNIOR
245,ADMINISTRADOR EM SEGURANCA DA INFORMACAO,20H,PLENO
246,ADMINISTRADOR EM SEGURANCA DA INFORMACAO,20H,SENIOR
247,ADMINISTRADOR EM SEGURANCA DA INFORMACAO,40H,JUNIOR
248,ADMINISTRADOR EM SEGURANCA DA INFORMACAO,40H,PLENO
249,ADMINISTRADOR EM SEGURANCA DA INFORMACAO,40H,SENIOR
250,ADMINISTRADOR EM SEGURANCA DA INFORMACAO,44H,JUNIOR
251,ADMINISTRADOR EM SEGURANCA DA INFORMACAO,44H,PLENO
252,ADMINISTRADOR EM SEGURANCA DA INFORMACAO,44H,SENIOR
253,ADMINISTRADOR EM SEGURANCA DA INFORMACAO,20H,JUNIOR
254,ADMINISTRADOR EM SEGURANCA DA INFORMACAO,20H,PLENO
255,ADMINISTRADOR EM SEGURANCA DA INFORMACAO,20H,SENIOR
256,ADMINISTRADOR EM SEGURANCA DA INFORMACAO,40H,JUNIOR
257,ADMINISTRADOR EM SEGURANCA DA INFORMACAO,40H,PLENO
258,ADMINISTRADOR EM SEGURANCA DA INFORMACAO,40H,SENIOR
259,ADMINISTRADOR EM SEGURANCA DA INFORMACAO,44H,JUNIOR
260,ADMINISTRADOR EM SEGURANCA DA INFORMACAO,44H,PLENO
261,ADMINISTRADOR EM SEGURANCA DA INFORMACAO,44H,SENIOR
262,ADMINISTRADOR EM SEGURANCA DA INFORMACAO,20H,JUNIOR
263,ADMINISTRADOR EM SEGURANCA DA INFORMACAO,20H,PLENO
264,ADMINISTRADOR EM SEGURANCA DA INFORMACAO,20H,SENIOR
265,ADMINISTRADOR EM SEGURANCA DA INFORMACAO,40H,JUNIOR
266,ADMINISTRADOR EM SEGURANCA DA INFORMACAO,40H,PLENO
267,ADMINISTRADOR EM SEGURANCA DA INFORMACAO,40H,SENIOR
268,ADMINISTRADOR EM SEGURANCA DA INFORMACAO,44H,JUNIOR
269,ADMINISTRADOR EM SEGURANCA DA INFORMACAO,44H,PLENO
270,ADMINISTRADOR EM SEGURANCA DA INFORMACAO,44H,SENIOR
271,ANALISTA DE REDES E DE COMUNICACAO DE DADOS,20H,JUNIOR
272,ANALISTA DE REDES E DE COMUNICACAO DE DADOS,20H,PLENO
273,ANALISTA DE REDES E DE COMUNICACAO DE DADOS,20H,SENIOR
274,ANALISTA DE REDES E DE COMUNICACAO DE DADOS,40H,JUNIOR
275,ANALISTA DE REDES E DE COMUNICACAO DE DADOS,40H,PLENO
276,ANALISTA DE REDES E DE COMUNICACAO DE DADOS,40H,SENIOR
277,ANALISTA DE REDES E DE COMUNICACAO DE DADOS,44H,JUNIOR
278,ANALISTA DE REDES E DE COMUNICACAO DE DADOS,44H,PLENO
279,ANALISTA DE REDES E DE COMUNICACAO DE DADOS,44H,SENIOR
280,ANALISTA DE REDES E DE COMUNICACAO DE DADOS,20H,JUNIOR
281,ANALISTA DE REDES E DE COMUNICACAO DE DADOS,20H,PLENO
282,ANALISTA DE REDES E DE COMUNICACAO DE DADOS,20H,SENIOR
283,ANALISTA DE REDES E DE COMUNICACAO DE DADOS,40H,JUNIOR
284,ANALISTA DE REDES E DE COMUNICACAO DE DADOS,40H,PLENO
285,ANALISTA DE REDES E DE COMUNICACAO DE DADOS,40H,SENIOR
286,ANALISTA DE REDES E DE COMUNICACAO DE DADOS,44H,JUNIOR
287,ANALISTA DE REDES E DE COMUNICACAO DE DADOS,44H,PLENO
288,ANALISTA DE REDES E DE COMUNICACAO DE DADOS,44H,SENIOR
289,ANALISTA DE REDES E DE COMUNICACAO DE DADOS,20H,JUNIOR
290,ANALISTA DE REDES E DE COMUNICACAO DE DADOS,20H,PLENO
291,ANALISTA DE REDES E DE COMUNICACAO DE DADOS,20H,SENIOR
292,ANALISTA DE REDES E DE COMUNICACAO DE DADOS,40H,JUNIOR
293,ANALISTA DE REDES E DE COMUNICACAO DE DADOS,40H,PLENO
294,ANALISTA DE REDES E DE COMUNICACAO DE DADOS,40H,SENIOR
295,ANALISTA DE REDES E DE COMUNICACAO DE DADOS,44H,JUNIOR
296,ANALISTA DE REDES E DE COMUNICACAO DE DADOS,44H,PLENO
297,ANALISTA DE REDES E DE COMUNICACAO DE DADOS,44H,SENIOR
298,ANALISTA DE SISTEMAS (INFORMATICA),20H,JUNIOR
299,ANALISTA DE SISTEMAS (INFORMATICA),20H,PLENO
300,ANALISTA DE SISTEMAS (INFORMATICA),20H,SENIOR
301,ANALISTA DE SISTEMAS (INFORMATICA),40H,JUNIOR
302,ANALISTA DE SISTEMAS (INFORMATICA),40H,PLENO
303,ANALISTA DE SISTEMAS (INFORMATICA),40H,SENIOR
304,ANALISTA DE SISTEMAS (INFORMATICA),44H,JUNIOR
305,ANALISTA DE SISTEMAS (INFORMATICA),44H,PLENO
306,ANALISTA DE SISTEMAS (INFORMATICA),44H,SENIOR
307,ANALISTA DE SISTEMAS (INFORMATICA),20H,JUNIOR
308,ANALISTA DE SISTEMAS (INFORMATICA),20H,PLENO
309,ANALISTA DE SISTEMAS (INFORMATICA),20H,SENIOR
310,ANALISTA DE SISTEMAS (INFORMATICA),40H,JUNIOR
311,ANALISTA DE SISTEMAS (INFORMATICA),40H,PLENO
312,ANALISTA DE SISTEMAS (INFORMATICA),40H,SENIOR
313,ANALISTA DE SISTEMAS (INFORMATICA),44H,JUNIOR
314,ANALISTA DE SISTEMAS (INFORMATICA),44H,PLENO
315,ANALISTA DE SISTEMAS (INFORMATICA),44H,SENIOR
316,ANALISTA DE SISTEMAS (INFORMATICA),20H,JUNIOR
317,ANALISTA DE SISTEMAS (INFORMATICA),20H,PLENO
318,ANALISTA DE SISTEMAS (INFORMATICA),20H,SENIOR
319,ANALISTA DE SISTEMAS (INFORMATICA),40H,JUNIOR
320,ANALISTA DE SISTEMAS (INFORMATICA),40H,PLENO
321,ANALISTA DE SISTEMAS (INFORMATICA),40H,SENIOR
322,ANALISTA DE SISTEMAS (INFORMATICA),44H,JUNIOR
323,ANALISTA DE SISTEMAS (INFORMATICA),44H,PLENO
324,ANALISTA DE SISTEMAS (INFORMATICA),44H,SENIOR
325,DBA,20H,JUNIOR
326,DBA,20H,PLENO
327,DBA,20H,SENIOR
328,DBA,40H,JUNIOR
329,DBA,40H,PLENO
330,DBA,40H,SENIOR
331,DBA,44H,JUNIOR
332,DBA,44H,PLENO
333,DBA,44H,SENIOR
334,DBA,20H,JUNIOR
335,DBA,20H,PLENO
336,DBA,20H,SENIOR
337,DBA,40H,JUNIOR
338,DBA,40H,PLENO
339,DBA,40H,SENIOR
340,DBA,44H,JUNIOR
341,DBA,44H,PLENO
342,DBA,44H,SENIOR
343,DBA,20H,JUNIOR
344,DBA,20H,PLENO
345,DBA,20H,SENIOR
346,DBA,40H,JUNIOR
347,DBA,40H,PLENO
348,DBA,40H,SENIOR
349,DBA,44H,JUNIOR
350,DBA,44H,PLENO
351,DBA,44H,SENIOR
352,ENGENHEIRO DE DADOS,20H,JUNIOR
353,ENGENHEIRO DE DADOS,20H,PLENO
354,ENGENHEIRO DE DADOS,20H,SENIOR
355,ENGENHEIRO DE DADOS,40H,JUNIOR
356,ENGENHEIRO DE DADOS,40H,PLENO
357,ENGENHEIRO DE DADOS,40H,SENIOR
358,ENGENHEIRO DE DADOS,44H,JUNIOR
359,ENGENHEIRO DE DADOS,44H,PLENO
360,ENGENHEIRO DE DADOS,44H,SENIOR
361,ENGENHEIRO DE DADOS,20H,JUNIOR
362,ENGENHEIRO DE DADOS,20H,PLENO
363,ENGENHEIRO DE DADOS,20H,SENIOR
364,ENGENHEIRO DE DADOS,40H,JUNIOR
365,ENGENHEIRO DE DADOS,40H,PLENO
366,ENGENHEIRO DE DADOS,40H,SENIOR
367,ENGENHEIRO DE DADOS,44H,JUNIOR
368,ENGENHEIRO DE DADOS,44H,PLENO
369,ENGENHEIRO DE DADOS,44H,SENIOR
370,ENGENHEIRO DE DADOS,20H,JUNIOR
371,ENGENHEIRO DE DADOS,20H,PLENO
372,ENGENHEIRO DE DADOS,20H,SENIOR
373,ENGENHEIRO DE DADOS,40H,JUNIOR
374,ENGENHEIRO DE DADOS,40H,PLENO
375,ENGENHEIRO DE DADOS,40H,SENIOR
376,ENGENHEIRO DE DADOS,44H,JUNIOR
377,ENGENHEIRO DE DADOS,44H,PLENO
378,ENGENHEIRO DE DADOS,44H,SENIOR
379,OPERADOR DE CENTRO DE PROCESSAMENTO DE DADOS,20H,JUNIOR
380,OPERADOR DE CENTRO DE PROCESSAMENTO DE DADOS,20H,PLENO
381,OPERADOR DE CENTRO DE PROCESSAMENTO DE DADOS,20H,SENIOR
382,OPERADOR DE CENTRO DE PROCESSAMENTO DE DADOS,40H,JUNIOR
383,OPERADOR DE CENTRO DE PROCESSAMENTO DE DADOS,40H,PLENO
384,OPERADOR DE CENTRO DE PROCESSAMENTO DE DADOS,40H,SENIOR
385,OPERADOR DE CENTRO DE PROCESSAMENTO DE DADOS,44H,JUNIOR
386,OPERADOR DE CENTRO DE PROCESSAMENTO DE DADOS,44H,PLENO
387,OPERADOR DE CENTRO DE PROCESSAMENTO DE DADOS,44H,SENIOR
388,OPERADOR DE CENTRO DE PROCESSAMENTO DE DADOS,20H,JUNIOR
389,OPERADOR DE CENTRO DE PROCESSAMENTO DE DADOS,20H,PLENO
390,OPERADOR DE CENTRO DE PROCESSAMENTO DE DADOS,20H,SENIOR
391,OPERADOR DE CENTRO DE PROCESSAMENTO DE DADOS,40H,JUNIOR
392,OPERADOR DE CENTRO DE PROCESSAMENTO DE DADOS,40H,PLENO
393,OPERADOR DE CENTRO DE PROCESSAMENTO DE DADOS,40H,SENIOR
394,OPERADOR DE CENTRO DE PROCESSAMENTO DE DADOS,44H,JUNIOR
395,OPERADOR DE CENTRO DE PROCESSAMENTO DE DADOS,44H,PLENO
396,OPERADOR DE CENTRO DE PROCESSAMENTO DE DADOS,44H,SENIOR
397,OPERADOR DE CENTRO DE PROCESSAMENTO DE DADOS,20H,JUNIOR
398,OPERADOR DE CENTRO DE PROCESSAMENTO DE DADOS,20H,PLENO
399,OPERADOR DE CENTRO DE PROCESSAMENTO DE DADOS,20H,SENIOR
400,OPERADOR DE CENTRO DE PROCESSAMENTO DE DADOS,40H,JUNIOR
401,OPERADOR DE CENTRO DE PROCESSAMENTO DE DADOS,40H,PLENO
402,OPERADOR DE CENTRO DE PROCESSAMENTO DE DADOS,40H,SENIOR
403,OPERADOR DE CENTRO DE PROCESSAMENTO DE DADOS,44H,JUNIOR
404,OPERADOR DE CENTRO DE PROCESSAMENTO DE DADOS,44H,PLENO
405,OPERADOR DE CENTRO DE PROCESSAMENTO DE DADOS,44H,SENIOR
406,ANALISTA DE REDE,20H,JUNIOR
407,ANALISTA DE REDE,20H,PLENO
408,ANALISTA DE REDE,20H,SENIOR
409,ANALISTA DE REDE,40H,JUNIOR
410,ANALISTA DE REDE,40H,PLENO
411,ANALISTA DE REDE,40H,SENIOR
412,ANALISTA DE REDE,44H,JUNIOR
413,ANALISTA DE REDE,44H,PLENO
414,ANALISTA DE REDE,44H,SENIOR
415,ANALISTA DE REDE,20H,JUNIOR
416,ANALISTA DE REDE,20H,PLENO
417,ANALISTA DE REDE,20H,SENIOR
418,ANALISTA DE REDE,40H,JUNIOR
419,ANALISTA DE REDE,40H,PLENO
420,ANALISTA DE REDE,40H,SENIOR
421,ANALISTA DE REDE,44H,JUNIOR
422,ANALISTA DE REDE,44H,PLENO
423,ANALISTA DE REDE,44H,SENIOR
424,ANALISTA DE REDE,20H,JUNIOR
425,ANALISTA DE REDE,20H,PLENO
426,ANALISTA DE REDE,20H,SENIOR
427,ANALISTA DE REDE,40H,JUNIOR
428,ANALISTA DE REDE,40H,PLENO
429,ANALISTA DE REDE,40H,SENIOR
430,ANALISTA DE REDE,44H,JUNIOR
431,ANALISTA DE REDE,44H,PLENO
432,ANALISTA DE REDE,44H,SENIOR
433,DESIGNER DE GAMES,20H,JUNIOR
434,DESIGNER DE GAMES,20H,PLENO
435,DESIGNER DE GAMES,20H,SENIOR
436,DESIGNER DE GAMES,40H,JUNIOR
437,DESIGNER DE GAMES,40H,PLENO
438,DESIGNER DE GAMES,40H,SENIOR
439,DESIGNER DE GAMES,44H,JUNIOR
440,DESIGNER DE GAMES,44H,PLENO
441,DESIGNER DE GAMES,44H,SENIOR
442,DESIGNER DE GAMES,20H,JUNIOR
443,DESIGNER DE GAMES,20H,PLENO
444,DESIGNER DE GAMES,20H,SENIOR
445,DESIGNER DE GAMES,40H,JUNIOR
446,DESIGNER DE GAMES,40H,PLENO
447,DESIGNER DE GAMES,40H,SENIOR
448,DESIGNER DE GAMES,44H,JUNIOR
449,DESIGNER DE GAMES,44H,PLENO
450,DESIGNER DE GAMES,44H,SENIOR
451,DESIGNER DE GAMES,20H,JUNIOR
452,DESIGNER DE GAMES,20H,PLENO
453,DESIGNER DE GAMES,20H,SENIOR
454,DESIGNER DE GAMES,40H,JUNIOR
455,DESIGNER DE GAMES,40H,PLENO
456,DESIGNER DE GAMES,40H,SENIOR
457,DESIGNER DE GAMES,44H,JUNIOR
458,DESIGNER DE GAMES,44H,PLENO
459,DESIGNER DE GAMES,44H,SENIOR
460,ANALISTA DE SISTEMAS PARA INTERNET,20H,JUNIOR
461,ANALISTA DE SISTEMAS PARA INTERNET,20H,PLENO
462,ANALISTA DE SISTEMAS PARA INTERNET,20H,SENIOR
463,ANALISTA DE SISTEMAS PARA INTERNET,40H,JUNIOR
464,ANALISTA DE SISTEMAS PARA INTERNET,40H,PLENO
465,ANALISTA DE SISTEMAS PARA INTERNET,40H,SENIOR
466,ANALISTA DE SISTEMAS PARA INTERNET,44H,JUNIOR
467,ANALISTA DE SISTEMAS PARA INTERNET,44H,PLENO
468,ANALISTA DE SISTEMAS PARA INTERNET,44H,SENIOR
469,ANALISTA DE SISTEMAS PARA INTERNET,20H,JUNIOR
470,ANALISTA DE SISTEMAS PARA INTERNET,20H,PLENO
471,ANALISTA DE SISTEMAS PARA INTERNET,20H,SENIOR
472,ANALISTA DE SISTEMAS PARA INTERNET,40H,JUNIOR
473,ANALISTA DE SISTEMAS PARA INTERNET,40H,PLENO
474,ANALISTA DE SISTEMAS PARA INTERNET,40H,SENIOR
475,ANALISTA DE SISTEMAS PARA INTERNET,44H,JUNIOR
476,ANALISTA DE SISTEMAS PARA INTERNET,44H,PLENO
477,ANALISTA DE SISTEMAS PARA INTERNET,44H,SENIOR
478,ANALISTA DE SISTEMAS PARA INTERNET,20H,JUNIOR
479,ANALISTA DE SISTEMAS PARA INTERNET,20H,PLENO
480,ANALISTA DE SISTEMAS PARA INTERNET,20H,SENIOR
481,ANALISTA DE SISTEMAS PARA INTERNET,40H,JUNIOR
482,ANALISTA DE SISTEMAS PARA INTERNET,40H,PLENO
483,ANALISTA DE SISTEMAS PARA INTERNET,40H,SENIOR
484,ANALISTA DE SISTEMAS PARA INTERNET,44H,JUNIOR
485,ANALISTA DE SISTEMAS PARA INTERNET,44H,PLENO
486,ANALISTA DE SISTEMAS PARA INTERNET,44H,SENIOR
487,DESENVOLVEDOR MOBILE,20H,JUNIOR
488,DESENVOLVEDOR MOBILE,20H,PLENO
489,DESENVOLVEDOR MOBILE,20H,SENIOR
490,DESENVOLVEDOR MOBILE,40H,JUNIOR
491,DESENVOLVEDOR MOBILE,40H,PLENO
492,DESENVOLVEDOR MOBILE,40H,SENIOR
493,DESENVOLVEDOR MOBILE,44H,JUNIOR
494,DESENVOLVEDOR MOBILE,44H,PLENO
495,DESENVOLVEDOR MOBILE,44H,SENIOR
496,DESENVOLVEDOR MOBILE,20H,JUNIOR
497,DESENVOLVEDOR MOBILE,20H,PLENO
498,DESENVOLVEDOR MOBILE,20H,SENIOR
499,DESENVOLVEDOR MOBILE,40H,JUNIOR
500,DESENVOLVEDOR MOBILE,40H,PLENO
501,DESENVOLVEDOR MOBILE,40H,SENIOR
502,DESENVOLVEDOR MOBILE,44H,JUNIOR
503,DESENVOLVEDOR MOBILE,44H,PLENO
504,DESENVOLVEDOR MOBILE,44H,SENIOR
505,DESENVOLVEDOR MOBILE,20H,JUNIOR
506,DESENVOLVEDOR MOBILE,20H,PLENO
507,DESENVOLVEDOR MOBILE,20H,SENIOR
508,DESENVOLVEDOR MOBILE,40H,JUNIOR
509,DESENVOLVEDOR MOBILE,40H,PLENO
510,DESENVOLVEDOR MOBILE,40H,SENIOR
511,DESENVOLVEDOR MOBILE,44H,JUNIOR
512,DESENVOLVEDOR MOBILE,44H,PLENO
513,DESENVOLVEDOR MOBILE,44H,SENIOR
514,CIENTISTA DE DADOS (DATA SCIENTIST),20H,JUNIOR
515,CIENTISTA DE DADOS (DATA SCIENTIST),20H,PLENO
516,CIENTISTA DE DADOS (DATA SCIENTIST),20H,SENIOR
517,CIENTISTA DE DADOS (DATA SCIENTIST),40H,JUNIOR
518,CIENTISTA DE DADOS (DATA SCIENTIST),40H,PLENO
519,CIENTISTA DE DADOS (DATA SCIENTIST),40H,SENIOR
520,CIENTISTA DE DADOS (DATA SCIENTIST),44H,JUNIOR
521,CIENTISTA DE DADOS (DATA SCIENTIST),44H,PLENO
522,CIENTISTA DE DADOS (DATA SCIENTIST),44H,SENIOR
523,CIENTISTA DE DADOS (DATA SCIENTIST),20H,JUNIOR
524,CIENTISTA DE DADOS (DATA SCIENTIST),20H,PLENO
525,CIENTISTA DE DADOS (DATA SCIENTIST),20H,SENIOR
526,CIENTISTA DE DADOS (DATA SCIENTIST),40H,JUNIOR
527,CIENTISTA DE DADOS (DATA SCIENTIST),40H,PLENO
528,CIENTISTA DE DADOS (DATA SCIENTIST),40H,SENIOR
529,CIENTISTA DE DADOS (DATA SCIENTIST),44H,JUNIOR
530,CIENTISTA DE DADOS (DATA SCIENTIST),44H,PLENO
531,CIENTISTA DE DADOS (DATA SCIENTIST),44H,SENIOR
532,CIENTISTA DE DADOS (DATA SCIENTIST),20H,JUNIOR
533,CIENTISTA DE DADOS (DATA SCIENTIST),20H,PLENO
534,CIENTISTA DE DADOS (DATA SCIENTIST),20H,SENIOR
535,CIENTISTA DE DADOS (DATA SCIENTIST),40H,JUNIOR
536,CIENTISTA DE DADOS (DATA SCIENTIST),40H,PLENO
537,CIENTISTA DE DADOS (DATA SCIENTIST),40H,SENIOR
538,CIENTISTA DE DADOS (DATA SCIENTIST),44H,JUNIOR
539,CIENTISTA DE DADOS (DATA SCIENTIST),44H,PLENO
540,CIENTISTA DE DADOS (DATA SCIENTIST),44H,SENIOR
